,acc,n
0,0.003000000026077032,1000
1,0.2919999957084656,1000
2,0.03799999877810478,1000
3,0.16500000655651093,1000
4,0.017999999225139618,1000
5,0.11500000208616257,1000
6,0.1340000033378601,1000
7,0.04399999976158142,1000
8,0.014999999664723873,1000
9,0.03799999877810478,1000
