res,acc
13,0.4706666767597198
18,0.7316666841506958
23,0.8674166798591614
28,0.9513333439826964
33,0.9386666417121888
38,0.944083333015442
43,0.9475833177566528
48,0.9492499828338624
53,0.9492499828338624
58,0.9486666917800904