res,acc
13,0.2376666665077209
18,0.4020000100135803
23,0.5205833315849304
33,0.6445833444595337
38,0.6371666789054871
43,0.6571666598320007
48,0.6489166617393494
53,0.6414999961853027
58,0.6504166722297668
